Workbook

Sheet Referencias
A1: # | B1: Autor | C1: Ano | D1: Título | E1: Veículo | F1: Link / DOI | G1: Tipo | H1: Relevância | I1: O que essa fonte me dá | J1: Eixo
A2: 1 | B2: SOLIS, C.; WANG, X. | C2: 2011 | D2: A Study of the Characteristics of Behaviour Driven Development | E2: EUROMICRO Conference on Software Engineering and Advanced Applications (SEAA), p. 383-387 | F2: 10.1109/SEAA.2011.76 | G2: Artigo de evento | H2: Media | I2: Caracterizacao conceitual do BDD: o que a abordagem e, de onde vem e quais praticas a compoem. Usado para definir BDD na fundamentacao. | J2: A - BDD e especificação de comportamento
A3: 2 | B3: WYNNE, M.; HELLESOY, A. | C3: 2012 | D3: The Cucumber Book: Behaviour-Driven Development for Testers and Developers | E3: Pragmatic Bookshelf, Raleigh | F3: ISBN 978-1-93435-680-7 | G3: Livro tecnico | H3: Alta | I3: Referencia canonica da notacao Gherkin. Fonte da estrutura Dado/Quando/Entao que a plataforma gera. | J3: A - BDD e especificação de comportamento
A4: 3 | B4: FAROOQ, M. S. et al. | C4: 2023 | D4: Behavior Driven Development: A Systematic Literature Review | E4: IEEE Access, v. 11, p. 88008-88024 | F4: 10.1109/ACCESS.2023.3302356 | G4: Artigo de periodico | H4: Alta | I4: Revisao sistematica que aponta o esforco de elaboracao e manutencao dos cenarios como a principal dificuldade do BDD. Sustenta o problema de pesquisa. | J4: A - BDD e especificação de comportamento
A5: 4 | B5: ARREDONDO-REYES, V. M. et al. | C5: 2023 | D5: Benefits and Challenges of the Behavior-Driven Development: A Systematic Literature Review | E5: Int. Conference in Software Engineering Research and Innovation (CONISOFT), p. 45-54 | F5: 10.1109/CONISOFT58849.2023.00016 | G5: Artigo de evento | H5: Media | I5: Segunda revisao sobre BDD; corrobora o achado sobre custo de elaboracao dos cenarios. | J5: A - BDD e especificação de comportamento
A6: 5 | B6: ISO/IEC/IEEE | C6: 2021 | D6: ISO/IEC/IEEE 29119-2:2021 - Software and systems engineering - Software testing - Part 2: Test processes | E6: ISO, Genebra, 2. ed., 64 p. | F6: https://www.iso.org/standard/79428.html | G6: Norma tecnica | H6: Media | I6: Vocabulario normativo de processo de teste (base de teste, caso de teste, dados de teste). Usado para alinhar a terminologia do trabalho ao padrao internacional. | J6: A - BDD e especificação de comportamento
A7: 6 | B7: CUCUMBER | C7: 2026 | D7: Gherkin Reference | E7: Documentacao oficial do Cucumber | F7: https://cucumber.io/docs/gherkin/reference/ | G7: Documentacao | H7: Media | I7: Especificacao da sintaxe Gherkin: palavras-chave, estrutura de Feature, Scenario e Scenario Outline. Referencia normativa da saida do modulo de geracao. | J7: A - BDD e especificação de comportamento
A8: 7 | B8: WANG, J. et al. | C8: 2024 | D8: Software Testing With Large Language Models: Survey, Landscape, and Vision | E8: IEEE Transactions on Software Engineering, v. 50, n. 4, p. 911-936 | F8: 10.1109/TSE.2024.3368208 | G8: Artigo de periodico | H8: Alta | I8: Panorama do uso de LLMs em teste de software. Registra a ausencia de pesquisa sobre teste de aceitacao, que e onde o trabalho se posiciona. | J8: B - LLM na geração de artefatos de teste
A9: 8 | B9: KARPURAPU, S. et al. | C9: 2024 | D9: Comprehensive Evaluation and Insights Into the Use of Large Language Models in the Automation of Behavior-Driven Development Acceptance Test Formulation | E9: IEEE Access, v. 12, p. 58715-58730 | F9: 10.1109/ACCESS.2024.3391815 | G9: Artigo de periodico | H9: Alta | I9: Avaliacao sistematica de varios LLMs na formulacao de testes de aceitacao BDD. Linha de base de comparacao para o modulo 1. | J9: B - LLM na geração de artefatos de teste
A10: 9 | B10: FERNANDES, H. et al. | C10: 2025 | D10: A Comparative Study of LLMs for Gherkin Generation | E10: Simposio Brasileiro de Engenharia de Software (SBES), p. 171-181 | F10: 10.5753/sbes.2025.9888 | G10: Artigo de evento | H10: Alta | I10: Estudo brasileiro que mede acuracia e estabilidade de LLMs convertendo descricoes livres em Gherkin. Evidencia a variabilidade entre modelos que justifica a validacao humana. | J10: B - LLM na geração de artefatos de teste
A11: 10 | B11: PADURARU, C.; ZAVELCA, M.; STEFANESCU, A. | C11: 2025 | D11: Agentic AI for Behavior-Driven Development Testing Using Large Language Models | E11: Int. Conference on Agents and Artificial Intelligence (ICAART), v. 2, p. 805-815 | F11: 10.5220/0013374400003890 | G11: Artigo de evento | H11: Alta | I11: Agentes autonomos com humano no ciclo para criacao de testes BDD. Trabalho relacionado direto; nao contempla apuracao de valores esperados. | J11: B - LLM na geração de artefatos de teste
A12: 11 | B12: FONSECA, P. L.; LIMA, B.; FARIA, J. P. | C12: 2025 | D12: Streamlining Acceptance Test Generation for Mobile Applications Through Large Language Models: An Industrial Case Study (AToMIC) | E12: Pre-print arXiv (ha versao no IEEE Xplore, doc. 11334650) | F12: 10.48550/arXiv.2510.18861 | G12: Artigo (pre-print) | H12: Alta | I12: Trabalho relacionado mais proximo: gera Gherkin a partir de tarefas do Jira e de alteracoes de codigo, avaliado na BMW. Delimita o que ja existe e onde esta a contribuicao do meu trabalho. | J12: B - LLM na geração de artefatos de teste
A13: 12 | B13: FERREIRA, M. et al. | C13: 2025 | D13: Acceptance Test Generation with Large Language Models: An Industrial Case Study | E13: Pre-print arXiv | F13: 10.48550/arXiv.2504.07244 | G13: Artigo (pre-print) | H13: Media | I13: Pipeline de dois passos (user story para Gherkin, Gherkin para Cypress) em ambiente industrial. Referencia de taxa de aceitacao em uso real. | J13: B - LLM na geração de artefatos de teste
... A41: 40 | B41: MENDOZA, I. et al. | C41: 2024 | D41: Comparative Analysis of Large Language Model Tools for Automated Test Data Generation from BDD | E41: Simposio Brasileiro de Engenharia de Software (SBES), p. 280-290 | F41: https://sol.sbc.org.br/index.php/sbes/article/view/30369 | G41: Artigo de evento | H41: Alta | I41: Producao nacional que compara LLMs na geracao de dados de teste a partir de cenarios BDD. Delimita por contraste o escopo do meu trabalho: eles geram massa sintetica, eu apuro o valor esperado sobre a massa que ja existe no banco. | J41: C - Text-to-SQL e verificação por execução

Sheet Resumo
A1: Conferência dos critérios de aceite da E2
A3: Critério | B3: Exigido | C3: Apurado
A4: Total de referências | B4: 15 | C4: =COUNTA(Referencias!B2:B41) -> 40 | D4: =IF(C4>=B4,"OK","Rever") -> OK
A5: Publicadas nos últimos 5 anos (2021+) | B5: 8 | C5: =COUNTIF(Referencias!C2:C41,">=2021") -> 31 | D5: =IF(C5>=B5,"OK","Rever") -> OK
A6: Relevância alta | B6: 0 | C6: =COUNTIF(Referencias!H2:H41,"Alta") -> 24 | D6: =IF(C6>=B6,"OK","Rever") -> OK
A7: Relevância média | B7: 0 | C7: =COUNTIF(Referencias!H2:H41,"Media") -> 13 | D7: =IF(C7>=B7,"OK","Rever") -> OK
A8: Relevância baixa | B8: 0 | C8: =COUNTIF(Referencias!H2:H41,"Baixa") -> 3 | D8: =IF(C8>=B8,"OK","Rever") -> OK
A9: Artigos (periódico e evento) | B9: 0 | C9: =COUNTIF(Referencias!G2:G41,"Artigo*") -> 36 | D9: =IF(C9>=B9,"OK","Rever") -> OK
A10: Livros técnicos | B10: 1 | C10: =COUNTIF(Referencias!G2:G41,"Livro*") -> 1 | D10: =IF(C10>=B10,"OK","Rever") -> OK
A11: Normas técnicas | B11: 1 | C11: =COUNTIF(Referencias!G2:G41,"Norma*") -> 1 | D11: =IF(C11>=B11,"OK","Rever") -> OK
A12: Documentação | B12: 1 | C12: =COUNTIF(Referencias!G2:G41,"Documenta*") -> 2 | D12: =IF(C12>=B12,"OK","Rever") -> OK
A14: Eixos temáticos
A15: A - BDD e especificação de comportamento | B15: =COUNTIF(Referencias!J2:J41,"A - BDD e especificação de comportamento") -> 6
A16: B - LLM na geração de artefatos de teste | B16: =COUNTIF(Referencias!J2:J41,"B - LLM na geração de artefatos de teste") -> 12
A17: C - Text-to-SQL e verificação por execução | B17: =COUNTIF(Referencias!J2:J41,"C - Text-to-SQL e verificação por execução") -> 9
A18: D - Confiabilidade, alucinação e consenso | B18: =COUNTIF(Referencias!J2:J41,"D - Confiabilidade, alucinação e consenso") -> 5
A19: E - Qualidade de teste em linguagem natural | B19: =COUNTIF(Referencias!J2:J41,"E - Qualidade de teste em linguagem natural") -> 6
A20: F - Metodologia de pesquisa | B20: =COUNTIF(Referencias!J2:J41,"F - Metodologia de pesquisa") -> 2
A22: Observações
A23: - Relevância: Alta = sustenta diretamente a fundamentação ou o plano de validação; Média = contexto e apoio; Baixa = tangencial, mantida como referência secundária.
A24: - Barr et al. (2015), Hevner et al. (2004), Peffers et al. (2007), Yu et al. (2018) e Wynne e Hellesoy (2012) estão fora da janela de 5 anos por serem obras seminais ou de referência conceitual.
A25: - Fonseca et al. (2025) e Ferreira et al. (2025) são pré-prints; há versão publicada do primeiro no IEEE Xplore (doc. 11334650), com veículo ainda a confirmar.
A26: - Veículo, ano e paginação de cada referência foram conferidos na página do editor. Os dois endereços de documentação foram abertos e conferidos em 09/09/2026.
